name,start,Reviews,Call,link
Martha O'Hara Interiors,5.0,180 Reviews,Click to call,https://www.houzz.com/hsc/aetrk/k=HBkcFQYVGhakkMGBDBgJMjE5MzgxNDE3KCQ0OTUzYzFiYi1lN2Q5LTQ3MjAtYjc5Yy05ZTNjMTQyMzBlMDASGA4xMTQuMTI1LjM3LjEzMxgNL0lELzI2Ly9NZWRhbhkIFQBoAzEwMVgGMjAzNDQ5FQQVBBUCOHJodHRwczovL3d3dy5ob3V6ei5jb20vcHJvZmVzc2lvbmFscy9pbnRlcmlvci1kZXNpZ25lcnMtYW5kLWRlY29yYXRvcnMvbWFydGhhLW8taGFyYS1pbnRlcmlvcnMtcGZ2d3VzLXBmfjEyOTE5Mjc1NzMIYAkxMjcuMC4wLjEYJDk4ZTE1YmZjLTJhMzMtNGM2ZC05MTg2LWM2M2NjNzllNDUzYgAAAA
Design Shop Interiors,4.9,111 Reviews,Click to call,https://www.houzz.com/hsc/aetrk/k=HBkcFQYVGhakkMGBDBgKMTc2OTAwODUxNigkNDk1M2MxYmItZTdkOS00NzIwLWI3OWMtOWUzYzE0MjMwZTAwEhgOMTE0LjEyNS4zNy4xMzMYDS9JRC8yNi8vTWVkYW4ZCBUAaAMxMDFYBjIxNjM2NRUEFQQVAjhwaHR0cHM6Ly93d3cuaG91enouY29tL3Byb2Zlc3Npb25hbHMvaW50ZXJpb3ItZGVzaWduZXJzLWFuZC1kZWNvcmF0b3JzL2Rlc2lnbi1zaG9wLWludGVyaW9ycy1wZnZ3dXMtcGZ-MTcwMjk3MDczMwhgCTEyNy4wLjAuMRgkOThlMTViZmMtMmEzMy00YzZkLTkxODYtYzYzY2M3OWU0NTNiAAAA
Urbanology Designs,5.0,73 Reviews,Click to call,https://www.houzz.com/hsc/aetrk/k=HBkcFQYVGhakkMGBDBgKMTM5NDQyMzI3OSgkNDk1M2MxYmItZTdkOS00NzIwLWI3OWMtOWUzYzE0MjMwZTAwEhgOMTE0LjEyNS4zNy4xMzMYDS9JRC8yNi8vTWVkYW4ZCBUAaAMxMDFYBzQyNTgxMTAVBBUEFQI4bWh0dHBzOi8vd3d3LmhvdXp6LmNvbS9wcm9mZXNzaW9uYWxzL2ludGVyaW9yLWRlc2lnbmVycy1hbmQtZGVjb3JhdG9ycy91cmJhbm9sb2d5LWRlc2lnbnMtcGZ2d3VzLXBmfjExMzI4MjIwNjIIYAkxMjcuMC4wLjEYJDk4ZTE1YmZjLTJhMzMtNGM2ZC05MTg2LWM2M2NjNzllNDUzYgAAAA
Savvy Interiors/ inSIDE by Savvy,5.0,102 Reviews,Click to call,https://www.houzz.com/hsc/aetrk/k=HBkcFQYVGhakkMGBDBgKMTM1ODAxNTE1MygkNDk1M2MxYmItZTdkOS00NzIwLWI3OWMtOWUzYzE0MjMwZTAwEhgOMTE0LjEyNS4zNy4xMzMYDS9JRC8yNi8vTWVkYW4ZCBUAaAMxMDFYBjQ2ODY5MhUEFQQVAjh5aHR0cHM6Ly93d3cuaG91enouY29tL3Byb2Zlc3Npb25hbHMvaW50ZXJpb3ItZGVzaWduZXJzLWFuZC1kZWNvcmF0b3JzL3NhdnZ5LWludGVyaW9ycy1pbnNpZGUtYnktc2F2dnktcGZ2d3VzLXBmfjM3NzU1Mzg3MghgCTEyNy4wLjAuMRgkOThlMTViZmMtMmEzMy00YzZkLTkxODYtYzYzY2M3OWU0NTNiAAAA
Urbane Design,5.0,126 Reviews,Click to call,https://www.houzz.com/professionals/interior-designers-and-decorators/urbane-design-pfvwus-pf~1921367566
Design Matters,4.7,54 Reviews,Click to call,https://www.houzz.com/hsc/aetrk/k=HBkcFQYVGhakkMGBDBgJMjY3MzA2MzEwKCQ0OTUzYzFiYi1lN2Q5LTQ3MjAtYjc5Yy05ZTNjMTQyMzBlMDASGA4xMTQuMTI1LjM3LjEzMxgNL0lELzI2Ly9NZWRhbhkIFQBoAzEwMVgHNDIzMTUxORUEFQQVAjhnaHR0cHM6Ly93d3cuaG91enouY29tL3Byb2Zlc3Npb25hbHMvaW50ZXJpb3ItZGVzaWduZXJzLWFuZC1kZWNvcmF0b3JzL2Rlc2lnbi1tYXR0ZXJzLXBmdnd1cy1wZn4yNTUyNDM5NQhgCTEyNy4wLjAuMRgkOThlMTViZmMtMmEzMy00YzZkLTkxODYtYzYzY2M3OWU0NTNiAAAA
Andrea Schumacher Interiors,5.0,69 Reviews,Click to call,https://www.houzz.com/hsc/aetrk/k=HBkcFQYVGhakkMGBDBgJMTgzNjk2OTgzKCQ0OTUzYzFiYi1lN2Q5LTQ3MjAtYjc5Yy05ZTNjMTQyMzBlMDASGA4xMTQuMTI1LjM3LjEzMxgNL0lELzI2Ly9NZWRhbhkIFQBoAzEwMVgFMTQ5MTkVBBUEFQI4dWh0dHBzOi8vd3d3LmhvdXp6LmNvbS9wcm9mZXNzaW9uYWxzL2ludGVyaW9yLWRlc2lnbmVycy1hbmQtZGVjb3JhdG9ycy9hbmRyZWEtc2NodW1hY2hlci1pbnRlcmlvcnMtcGZ2d3VzLXBmfjgxMzc4OTcyMwhgCTEyNy4wLjAuMRgkOThlMTViZmMtMmEzMy00YzZkLTkxODYtYzYzY2M3OWU0NTNiAAAA
AHG Interiors,5.0,133 Reviews,Click to call,https://www.houzz.com/hsc/aetrk/k=HBkcFQYVGhakkMGBDBgKMTM2MTc5NTI1NCgkNDk1M2MxYmItZTdkOS00NzIwLWI3OWMtOWUzYzE0MjMwZTAwEhgOMTE0LjEyNS4zNy4xMzMYDS9JRC8yNi8vTWVkYW4ZCBUAaAMxMDFYBzE0NTMyNDYVBBUEFQI4aGh0dHBzOi8vd3d3LmhvdXp6LmNvbS9wcm9mZXNzaW9uYWxzL2ludGVyaW9yLWRlc2lnbmVycy1hbmQtZGVjb3JhdG9ycy9haGctaW50ZXJpb3JzLXBmdnd1cy1wZn4xMTMyNDY3MDYyCGAJMTI3LjAuMC4xGCQ5OGUxNWJmYy0yYTMzLTRjNmQtOTE4Ni1jNjNjYzc5ZTQ1M2IAAAA
Nathan Taylor for Obelisk Home,5.0,71 Reviews,Click to call,https://www.houzz.com/hsc/aetrk/k=HBkcFQYVGhakkMGBDBgKMTc0MzA1OTgwMCgkNDk1M2MxYmItZTdkOS00NzIwLWI3OWMtOWUzYzE0MjMwZTAwEhgOMTE0LjEyNS4zNy4xMzMYDS9JRC8yNi8vTWVkYW4ZCBUAaAMxMDFYBzEzODg1NDQVBBUEFQI4eWh0dHBzOi8vd3d3LmhvdXp6LmNvbS9wcm9mZXNzaW9uYWxzL2ludGVyaW9yLWRlc2lnbmVycy1hbmQtZGVjb3JhdG9ycy9uYXRoYW4tdGF5bG9yLWZvci1vYmVsaXNrLWhvbWUtcGZ2d3VzLXBmfjEwNDAxOTYyODQIYAkxMjcuMC4wLjEYJDk4ZTE1YmZjLTJhMzMtNGM2ZC05MTg2LWM2M2NjNzllNDUzYgAAAA
Annie Santulli Designs,5.0,95 Reviews,Click to call,https://www.houzz.com/hsc/aetrk/k=HBkcFQYVGhakkMGBDBgKMTA3NjAwODkzMigkNDk1M2MxYmItZTdkOS00NzIwLWI3OWMtOWUzYzE0MjMwZTAwEhgOMTE0LjEyNS4zNy4xMzMYDS9JRC8yNi8vTWVkYW4ZCBUAaAMxMDFYBzE1NzE2MTYVBBUEFQI4cWh0dHBzOi8vd3d3LmhvdXp6LmNvbS9wcm9mZXNzaW9uYWxzL2ludGVyaW9yLWRlc2lnbmVycy1hbmQtZGVjb3JhdG9ycy9hbm5pZS1zYW50dWxsaS1kZXNpZ25zLXBmdnd1cy1wZn4yMTEzOTMyODEyCGAJMTI3LjAuMC4xGCQ5OGUxNWJmYy0yYTMzLTRjNmQtOTE4Ni1jNjNjYzc5ZTQ1M2IAAAA
CHAD ESSLINGER DESIGN,5.0,86 Reviews,Click to call,https://www.houzz.com/hsc/aetrk/k=HBkcFQYVGhakkMGBDBgINjAyNDIzOTYoJDQ5NTNjMWJiLWU3ZDktNDcyMC1iNzljLTllM2MxNDIzMGUwMBIYDjExNC4xMjUuMzcuMTMzGA0vSUQvMjYvL01lZGFuGQgVAGgDMTAxWAcxODA1MTE4FQQVBBUCOHBodHRwczovL3d3dy5ob3V6ei5jb20vcHJvZmVzc2lvbmFscy9pbnRlcmlvci1kZXNpZ25lcnMtYW5kLWRlY29yYXRvcnMvY2hhZC1lc3NsaW5nZXItZGVzaWduLXBmdnd1cy1wZn4xMTMyNTEzNTUwCGAJMTI3LjAuMC4xGCQ5OGUxNWJmYy0yYTMzLTRjNmQtOTE4Ni1jNjNjYzc5ZTQ1M2IAAAA
Everything Home,5.0,76 Reviews,Click to call,https://www.houzz.com/professionals/interior-designers-and-decorators/everything-home-pfvwus-pf~880907625
Chic on the Cheap,4.8,110 Reviews,Click to call,https://www.houzz.com/hsc/aetrk/k=HBkcFQYVGhakkMGBDBgJOTkwMzgzMDU2KCQ0OTUzYzFiYi1lN2Q5LTQ3MjAtYjc5Yy05ZTNjMTQyMzBlMDASGA4xMTQuMTI1LjM3LjEzMxgNL0lELzI2Ly9NZWRhbhkIFQBoAzEwMVgHMzExNjYxMxUEFQQVAjhraHR0cHM6Ly93d3cuaG91enouY29tL3Byb2Zlc3Npb25hbHMvaW50ZXJpb3ItZGVzaWduZXJzLWFuZC1kZWNvcmF0b3JzL2NoaWMtb24tdGhlLWNoZWFwLXBmdnd1cy1wZn44ODEwMzU2MDkIYAkxMjcuMC4wLjEYJDk4ZTE1YmZjLTJhMzMtNGM2ZC05MTg2LWM2M2NjNzllNDUzYgAAAA
Lydia Sweetland ThinkSpace Design and Home Staging,5.0,116 Reviews,Click to call,https://www.houzz.com/hsc/aetrk/k=HBkcFQYVGhakkMGBDBgKMTg3NDkzMjkzOCgkNDk1M2MxYmItZTdkOS00NzIwLWI3OWMtOWUzYzE0MjMwZTAwEhgOMTE0LjEyNS4zNy4xMzMYDS9JRC8yNi8vTWVkYW4ZCBUAaAMxMDFYCDI5NTk5MTg3FQQVBBUCOIwBaHR0cHM6Ly93d3cuaG91enouY29tL3Byb2Zlc3Npb25hbHMvaW50ZXJpb3ItZGVzaWduZXJzLWFuZC1kZWNvcmF0b3JzL2x5ZGlhLXN3ZWV0bGFuZC10aGlua3NwYWNlLWRlc2lnbi1hbmQtaG9tZS1zdGFnaW5nLXBmdnd1cy1wZn40MDQ1NzMxNTUIYAkxMjcuMC4wLjEYJDk4ZTE1YmZjLTJhMzMtNGM2ZC05MTg2LWM2M2NjNzllNDUzYgAAAA
Che Bella Interiors,4.9,121 Reviews,Click to call,https://www.houzz.com/professionals/interior-designers-and-decorators/che-bella-interiors-pfvwus-pf~813768631
Niche Interiors,5.0,62 Reviews,Click to call,https://www.houzz.com/hsc/aetrk/k=HBkcFQYVGhaokMGBDBgJNjIzMTY3OTg5KCQ0OTUzYzFiYi1lN2Q5LTQ3MjAtYjc5Yy05ZTNjMTQyMzBlMDASGA4xMTQuMTI1LjM3LjEzMxgNL0lELzI2Ly9NZWRhbhkIFQBoAzEwMVgENjAwORUEFQQVAjhqaHR0cHM6Ly93d3cuaG91enouY29tL3Byb2Zlc3Npb25hbHMvaW50ZXJpb3ItZGVzaWduZXJzLWFuZC1kZWNvcmF0b3JzL25pY2hlLWludGVyaW9ycy1wZnZ3dXMtcGZ-MTI5MTk0MDA0MQhgCTEyNy4wLjAuMRgkMDRjNTFmMWYtMWJmOS00ODI0LWFkMTAtYmMxOTQwY2UyNGUwAAAA
OSMOND DESIGNS,5.0,79 Reviews,Click to call,https://www.houzz.com/hsc/aetrk/k=HBkcFQYVGhaokMGBDBgKMjAyNDYxNDI4OSgkNDk1M2MxYmItZTdkOS00NzIwLWI3OWMtOWUzYzE0MjMwZTAwEhgOMTE0LjEyNS4zNy4xMzMYDS9JRC8yNi8vTWVkYW4ZCBUAaAMxMDFYBzQ0Nzk4NzgVBBUEFQI4aGh0dHBzOi8vd3d3LmhvdXp6LmNvbS9wcm9mZXNzaW9uYWxzL2ludGVyaW9yLWRlc2lnbmVycy1hbmQtZGVjb3JhdG9ycy9vc21vbmQtZGVzaWducy1wZnZ3dXMtcGZ-ODQ3NTkwNDA2CGAJMTI3LjAuMC4xGCQwNGM1MWYxZi0xYmY5LTQ4MjQtYWQxMC1iYzE5NDBjZTI0ZTAAAAA
Charmean Neithart Interiors,4.9,87 Reviews,Click to call,https://www.houzz.com/hsc/aetrk/k=HBkcFQYVGhaokMGBDBgKMTg1MjIzOTMwNygkNDk1M2MxYmItZTdkOS00NzIwLWI3OWMtOWUzYzE0MjMwZTAwEhgOMTE0LjEyNS4zNy4xMzMYDS9JRC8yNi8vTWVkYW4ZCBUAaAMxMDFYBjExMjM3MRUEFQQVAjh2aHR0cHM6Ly93d3cuaG91enouY29tL3Byb2Zlc3Npb25hbHMvaW50ZXJpb3ItZGVzaWduZXJzLWFuZC1kZWNvcmF0b3JzL2NoYXJtZWFuLW5laXRoYXJ0LWludGVyaW9ycy1wZnZ3dXMtcGZ-MTQ3NjQ4Nzg5MQhgCTEyNy4wLjAuMRgkMDRjNTFmMWYtMWJmOS00ODI0LWFkMTAtYmMxOTQwY2UyNGUwAAAA
Lucy and Company,4.9,79 Reviews,Click to call,https://www.houzz.com/professionals/interior-designers-and-decorators/lucy-and-company-pfvwus-pf~1098997123
Vivid Interior Design - Danielle Loven,5.0,56 Reviews,Click to call,https://www.houzz.com/professionals/interior-designers-and-decorators/vivid-interior-design-danielle-loven-pfvwus-pf~1040259728
Ann Lowengart Interiors,5.0,68 Reviews,Click to call,https://www.houzz.com/hsc/aetrk/k=HBkcFQYVGhaokMGBDBgKMTMzMTA0NTA4NSgkNDk1M2MxYmItZTdkOS00NzIwLWI3OWMtOWUzYzE0MjMwZTAwEhgOMTE0LjEyNS4zNy4xMzMYDS9JRC8yNi8vTWVkYW4ZCBUAaAMxMDFYBjE5MDIwORUEFQQVAjhyaHR0cHM6Ly93d3cuaG91enouY29tL3Byb2Zlc3Npb25hbHMvaW50ZXJpb3ItZGVzaWduZXJzLWFuZC1kZWNvcmF0b3JzL2Fubi1sb3dlbmdhcnQtaW50ZXJpb3JzLXBmdnd1cy1wZn4xMDA2NzIzMDIxCGAJMTI3LjAuMC4xGCQwNGM1MWYxZi0xYmY5LTQ4MjQtYWQxMC1iYzE5NDBjZTI0ZTAAAAA
"DKOR Interiors Inc.- Interior Designers Miami, FL",5.0,69 Reviews,Click to call,https://www.houzz.com/hsc/aetrk/k=HBkcFQYVGhaokMGBDBgKMTA2MjMwMDQ3MSgkNDk1M2MxYmItZTdkOS00NzIwLWI3OWMtOWUzYzE0MjMwZTAwEhgOMTE0LjEyNS4zNy4xMzMYDS9JRC8yNi8vTWVkYW4ZCBUAaAMxMDFYBzEzMDc5NzEVBBUEFQI4iAFodHRwczovL3d3dy5ob3V6ei5jb20vcHJvZmVzc2lvbmFscy9pbnRlcmlvci1kZXNpZ25lcnMtYW5kLWRlY29yYXRvcnMvZGtvci1pbnRlcmlvcnMtaW5jLWludGVyaW9yLWRlc2lnbmVycy1taWFtaS1mbC1wZnZ3dXMtcGZ-OTM5NTQ0Mjk5CGAJMTI3LjAuMC4xGCQwNGM1MWYxZi0xYmY5LTQ4MjQtYWQxMC1iYzE5NDBjZTI0ZTAAAAA
Cannarsa Structure and Design,5.0,95 Reviews,Click to call,https://www.houzz.com/hsc/aetrk/k=HBkcFQYVGhaokMGBDBgKMTY4MTczMDM3MygkNDk1M2MxYmItZTdkOS00NzIwLWI3OWMtOWUzYzE0MjMwZTAwEhgOMTE0LjEyNS4zNy4xMzMYDS9JRC8yNi8vTWVkYW4ZCBUAaAMxMDFYBjY4OTQ4OBUEFQQVAjh3aHR0cHM6Ly93d3cuaG91enouY29tL3Byb2Zlc3Npb25hbHMvaW50ZXJpb3ItZGVzaWduZXJzLWFuZC1kZWNvcmF0b3JzL2Nhbm5hcnNhLXN0cnVjdHVyZS1hbmQtZGVzaWduLXBmdnd1cy1wZn41MDM0Mzc4MDAIYAkxMjcuMC4wLjEYJDA0YzUxZjFmLTFiZjktNDgyNC1hZDEwLWJjMTk0MGNlMjRlMAAAAA
Living Spaces by Lyn,5.0,102 Reviews,Click to call,https://www.houzz.com/hsc/aetrk/k=HBkcFQYVGhaokMGBDBgKMTI5NzE4ODUzOCgkNDk1M2MxYmItZTdkOS00NzIwLWI3OWMtOWUzYzE0MjMwZTAwEhgOMTE0LjEyNS4zNy4xMzMYDS9JRC8yNi8vTWVkYW4ZCBUAaAMxMDFYBzIxNDkzODIVBBUEFQI4bmh0dHBzOi8vd3d3LmhvdXp6LmNvbS9wcm9mZXNzaW9uYWxzL2ludGVyaW9yLWRlc2lnbmVycy1hbmQtZGVjb3JhdG9ycy9saXZpbmctc3BhY2VzLWJ5LWx5bi1wZnZ3dXMtcGZ-ODQ3NDc4MTQyCGAJMTI3LjAuMC4xGCQwNGM1MWYxZi0xYmY5LTQ4MjQtYWQxMC1iYzE5NDBjZTI0ZTAAAAA
Allison Lind Interiors,5.0,60 Reviews,Click to call,https://www.houzz.com/hsc/aetrk/k=HBkcFQYVGhaokMGBDBgKMTk0NDIwNzU0MigkNDk1M2MxYmItZTdkOS00NzIwLWI3OWMtOWUzYzE0MjMwZTAwEhgOMTE0LjEyNS4zNy4xMzMYDS9JRC8yNi8vTWVkYW4ZCBUAaAMxMDFYCDEzOTk1NzU3FQQVBBUCOHFodHRwczovL3d3dy5ob3V6ei5jb20vcHJvZmVzc2lvbmFscy9pbnRlcmlvci1kZXNpZ25lcnMtYW5kLWRlY29yYXRvcnMvYWxsaXNvbi1saW5kLWludGVyaW9ycy1wZnZ3dXMtcGZ-MTcwMzY4NDQzMwhgCTEyNy4wLjAuMRgkMDRjNTFmMWYtMWJmOS00ODI0LWFkMTAtYmMxOTQwY2UyNGUwAAAA
Kerrie Kelly Design Lab,5.0,76 Reviews,Click to call,https://www.houzz.com/hsc/aetrk/k=HBkcFQYVGhaokMGBDBgJNTEzNDEzNDM3KCQ0OTUzYzFiYi1lN2Q5LTQ3MjAtYjc5Yy05ZTNjMTQyMzBlMDASGA4xMTQuMTI1LjM3LjEzMxgNL0lELzI2Ly9NZWRhbhkIFQBoAzEwMVgEMTIzMhUEFQQVAjhxaHR0cHM6Ly93d3cuaG91enouY29tL3Byb2Zlc3Npb25hbHMvaW50ZXJpb3ItZGVzaWduZXJzLWFuZC1kZWNvcmF0b3JzL2tlcnJpZS1rZWxseS1kZXNpZ24tbGFiLXBmdnd1cy1wZn41MDM0MTExODQIYAkxMjcuMC4wLjEYJDA0YzUxZjFmLTFiZjktNDgyNC1hZDEwLWJjMTk0MGNlMjRlMAAAAA
"Wesley-Wayne Interiors, LLC",5.0,60 Reviews,Click to call,https://www.houzz.com/hsc/aetrk/k=HBkcFQYVGhaokMGBDBgJOTg3NjMyNjI1KCQ0OTUzYzFiYi1lN2Q5LTQ3MjAtYjc5Yy05ZTNjMTQyMzBlMDASGA4xMTQuMTI1LjM3LjEzMxgNL0lELzI2Ly9NZWRhbhkIFQBoAzEwMVgHMTg4MjAxOBUEFQQVAjh1aHR0cHM6Ly93d3cuaG91enouY29tL3Byb2Zlc3Npb25hbHMvaW50ZXJpb3ItZGVzaWduZXJzLWFuZC1kZWNvcmF0b3JzL3dlc2xleS13YXluZS1pbnRlcmlvcnMtbGxjLXBmdnd1cy1wZn4yMDQ2ODY4MTY2CGAJMTI3LjAuMC4xGCQwNGM1MWYxZi0xYmY5LTQ4MjQtYWQxMC1iYzE5NDBjZTI0ZTAAAAA
Nate Fischer Interiors,4.9,55 Reviews,Click to call,https://www.houzz.com/hsc/aetrk/k=HBkcFQYVGhaokMGBDBgKMjAyNTUzMTcyNygkNDk1M2MxYmItZTdkOS00NzIwLWI3OWMtOWUzYzE0MjMwZTAwEhgOMTE0LjEyNS4zNy4xMzMYDS9JRC8yNi8vTWVkYW4ZCBUAaAMxMDFYBzQwMzMzNDUVBBUEFQI4cWh0dHBzOi8vd3d3LmhvdXp6LmNvbS9wcm9mZXNzaW9uYWxzL2ludGVyaW9yLWRlc2lnbmVycy1hbmQtZGVjb3JhdG9ycy9uYXRlLWZpc2NoZXItaW50ZXJpb3JzLXBmdnd1cy1wZn4xMDA2ODA3MzA1CGAJMTI3LjAuMC4xGCQwNGM1MWYxZi0xYmY5LTQ4MjQtYWQxMC1iYzE5NDBjZTI0ZTAAAAA
The Redesign Company,5.0,131 Reviews,Click to call,https://www.houzz.com/hsc/aetrk/k=HBkcFQYVGhaokMGBDBgKMTUzODc4MjgwOSgkNDk1M2MxYmItZTdkOS00NzIwLWI3OWMtOWUzYzE0MjMwZTAwEhgOMTE0LjEyNS4zNy4xMzMYDS9JRC8yNi8vTWVkYW4ZCBUAaAMxMDFYBjgxMjE5MxUEFQQVAjhvaHR0cHM6Ly93d3cuaG91enouY29tL3Byb2Zlc3Npb25hbHMvaW50ZXJpb3ItZGVzaWduZXJzLWFuZC1kZWNvcmF0b3JzL3RoZS1yZWRlc2lnbi1jb21wYW55LXBmdnd1cy1wZn4yMDgwNDg3NDEzCGAJMTI3LjAuMC4xGCQwNGM1MWYxZi0xYmY5LTQ4MjQtYWQxMC1iYzE5NDBjZTI0ZTAAAAA
Designing Solutions,5.0,107 Reviews,Click to call,https://www.houzz.com/hsc/aetrk/k=HBkcFQYVGhaokMGBDBgKMTg2NDAzODIwMSgkNDk1M2MxYmItZTdkOS00NzIwLWI3OWMtOWUzYzE0MjMwZTAwEhgOMTE0LjEyNS4zNy4xMzMYDS9JRC8yNi8vTWVkYW4ZCBUAaAMxMDFYBjExNjI0MRUEFQQVAjhtaHR0cHM6Ly93d3cuaG91enouY29tL3Byb2Zlc3Npb25hbHMvaW50ZXJpb3ItZGVzaWduZXJzLWFuZC1kZWNvcmF0b3JzL2Rlc2lnbmluZy1zb2x1dGlvbnMtcGZ2d3VzLXBmfjQ2OTg1NTcwOQhgCTEyNy4wLjAuMRgkMDRjNTFmMWYtMWJmOS00ODI0LWFkMTAtYmMxOTQwY2UyNGUwAAAA
Chango & Co.,5.0,60 Reviews,Click to call,https://www.houzz.com/hsc/aetrk/k=HBkcFQYVGhaukMGBDBgJOTQ4NDI3MTcwKCQ0OTUzYzFiYi1lN2Q5LTQ3MjAtYjc5Yy05ZTNjMTQyMzBlMDASGA4xMTQuMTI1LjM3LjEzMxgNL0lELzI2Ly9NZWRhbhkIFQBoAzEwMVgHMjA5MDIwMBUEFQQVAjhnaHR0cHM6Ly93d3cuaG91enouY29tL3Byb2Zlc3Npb25hbHMvaW50ZXJpb3ItZGVzaWduZXJzLWFuZC1kZWNvcmF0b3JzL2NoYW5nby1hbmQtY28tcGZ2d3VzLXBmfjI1MTY5NTA4OAhgCTEyNy4wLjAuMRgkMGVmYjAzMDItMGQyMi00Yzg2LWExM2YtYTNlZjk4NGY1N2M4AAAA
MMI Design,4.9,50 Reviews,Click to call,https://www.houzz.com/hsc/aetrk/k=HBkcFQYVGhaukMGBDBgINzYwOTQwNDUoJDQ5NTNjMWJiLWU3ZDktNDcyMC1iNzljLTllM2MxNDIzMGUwMBIYDjExNC4xMjUuMzcuMTMzGA0vSUQvMjYvL01lZGFuGQgVAGgDMTAxWAU2NjY5MBUEFQQVAjhkaHR0cHM6Ly93d3cuaG91enouY29tL3Byb2Zlc3Npb25hbHMvaW50ZXJpb3ItZGVzaWduZXJzLWFuZC1kZWNvcmF0b3JzL21taS1kZXNpZ24tcGZ2d3VzLXBmfjk3MzE2OTE0MghgCTEyNy4wLjAuMRgkMGVmYjAzMDItMGQyMi00Yzg2LWExM2YtYTNlZjk4NGY1N2M4AAAA
Noz Design,5.0,58 Reviews,Click to call,https://www.houzz.com/professionals/interior-designers-and-decorators/noz-design-pfvwus-pf~1325401364
Cindy Aplanalp & Chairma Design Group,5.0,60 Reviews,Click to call,https://www.houzz.com/hsc/aetrk/k=HBkcFQYVGhaukMGBDBgKMTE2MjAxODg2MCgkNDk1M2MxYmItZTdkOS00NzIwLWI3OWMtOWUzYzE0MjMwZTAwEhgOMTE0LjEyNS4zNy4xMzMYDS9JRC8yNi8vTWVkYW4ZCBUAaAMxMDFYBzE4MzMyMjAVBBUEFQI4gQFodHRwczovL3d3dy5ob3V6ei5jb20vcHJvZmVzc2lvbmFscy9pbnRlcmlvci1kZXNpZ25lcnMtYW5kLWRlY29yYXRvcnMvY2luZHktYXBsYW5hbHAtYW5kLWNoYWlybWEtZGVzaWduLWdyb3VwLXBmdnd1cy1wZn45MTQ0MTEwNTIIYAkxMjcuMC4wLjEYJDBlZmIwMzAyLTBkMjItNGM4Ni1hMTNmLWEzZWY5ODRmNTdjOAAAAA
Garrison Hullinger Interior Design Inc.,4.8,82 Reviews,Click to call,https://www.houzz.com/hsc/aetrk/k=HBkcFQYVGhaukMGBDBgKMTgwOTcxMjY2NygkNDk1M2MxYmItZTdkOS00NzIwLWI3OWMtOWUzYzE0MjMwZTAwEhgOMTE0LjEyNS4zNy4xMzMYDS9JRC8yNi8vTWVkYW4ZCBUAaAMxMDFYBTczNzgyFQQVBBUCOIEBaHR0cHM6Ly93d3cuaG91enouY29tL3Byb2Zlc3Npb25hbHMvaW50ZXJpb3ItZGVzaWduZXJzLWFuZC1kZWNvcmF0b3JzL2dhcnJpc29uLWh1bGxpbmdlci1pbnRlcmlvci1kZXNpZ24taW5jLXBmdnd1cy1wZn4xMzg0MjExMzkwCGAJMTI3LjAuMC4xGCQwZWZiMDMwMi0wZDIyLTRjODYtYTEzZi1hM2VmOTg0ZjU3YzgAAAA
Rande Leaman Interior Design,5.0,70 Reviews,Click to call,https://www.houzz.com/hsc/aetrk/k=HBkcFQYVGhaukMGBDBgKMTU1MjQ0OTcyOCgkNDk1M2MxYmItZTdkOS00NzIwLWI3OWMtOWUzYzE0MjMwZTAwEhgOMTE0LjEyNS4zNy4xMzMYDS9JRC8yNi8vTWVkYW4ZCBUAaAMxMDFYBjI1NTc2NRUEFQQVAjh2aHR0cHM6Ly93d3cuaG91enouY29tL3Byb2Zlc3Npb25hbHMvaW50ZXJpb3ItZGVzaWduZXJzLWFuZC1kZWNvcmF0b3JzL3JhbmRlLWxlYW1hbi1pbnRlcmlvci1kZXNpZ24tcGZ2d3VzLXBmfjM0NDAxODg5MwhgCTEyNy4wLjAuMRgkMGVmYjAzMDItMGQyMi00Yzg2LWExM2YtYTNlZjk4NGY1N2M4AAAA
Urbanism Designs,5.0,60 Reviews,Click to call,https://www.houzz.com/professionals/interior-designers-and-decorators/urbanism-designs-pfvwus-pf~151745899
The Decorators Unlimited,5.0,51 Reviews,Click to call,https://www.houzz.com/hsc/aetrk/k=HBkcFQYVGhaukMGBDBgKMTE2MzAyMDc2NCgkNDk1M2MxYmItZTdkOS00NzIwLWI3OWMtOWUzYzE0MjMwZTAwEhgOMTE0LjEyNS4zNy4xMzMYDS9JRC8yNi8vTWVkYW4ZCBUAaAMxMDFYBzE3NTAzMjMVBBUEFQI4c2h0dHBzOi8vd3d3LmhvdXp6LmNvbS9wcm9mZXNzaW9uYWxzL2ludGVyaW9yLWRlc2lnbmVycy1hbmQtZGVjb3JhdG9ycy90aGUtZGVjb3JhdG9ycy11bmxpbWl0ZWQtcGZ2d3VzLXBmfjE0NzY0NTEwNTUIYAkxMjcuMC4wLjEYJDBlZmIwMzAyLTBkMjItNGM4Ni1hMTNmLWEzZWY5ODRmNTdjOAAAAA
ABK Interiors - Annette Kuester,5.0,74 Reviews,Click to call,https://www.houzz.com/professionals/interior-designers-and-decorators/abk-interiors-annette-kuester-pfvwus-pf~1862345076
Traci Connell Interiors,5.0,36 Reviews,Click to call,https://www.houzz.com/hsc/aetrk/k=HBkcFQYVGhaukMGBDBgJNjg4OTUxMjI4KCQ0OTUzYzFiYi1lN2Q5LTQ3MjAtYjc5Yy05ZTNjMTQyMzBlMDASGA4xMTQuMTI1LjM3LjEzMxgNL0lELzI2Ly9NZWRhbhkIFQBoAzEwMVgFMzM4MTkVBBUEFQI4cWh0dHBzOi8vd3d3LmhvdXp6LmNvbS9wcm9mZXNzaW9uYWxzL2ludGVyaW9yLWRlc2lnbmVycy1hbmQtZGVjb3JhdG9ycy90cmFjaS1jb25uZWxsLWludGVyaW9ycy1wZnZ3dXMtcGZ-MTUxMDkxNzExCGAJMTI3LjAuMC4xGCQwZWZiMDMwMi0wZDIyLTRjODYtYTEzZi1hM2VmOTg0ZjU3YzgAAAA
Debra Kling Colour Consultant,4.9,83 Reviews,Click to call,https://www.houzz.com/hsc/aetrk/k=HBkcFQYVGhaukMGBDBgJOTQzOTE4MjUyKCQ0OTUzYzFiYi1lN2Q5LTQ3MjAtYjc5Yy05ZTNjMTQyMzBlMDASGA4xMTQuMTI1LjM3LjEzMxgNL0lELzI2Ly9NZWRhbhkIFQBoAzEwMVgFNzk1OTIVBBUEFQI4eGh0dHBzOi8vd3d3LmhvdXp6LmNvbS9wcm9mZXNzaW9uYWxzL2ludGVyaW9yLWRlc2lnbmVycy1hbmQtZGVjb3JhdG9ycy9kZWJyYS1rbGluZy1jb2xvdXItY29uc3VsdGFudC1wZnZ3dXMtcGZ-MTg2MjM2MTgwOAhgCTEyNy4wLjAuMRgkMGVmYjAzMDItMGQyMi00Yzg2LWExM2YtYTNlZjk4NGY1N2M4AAAA
"Marcelle Guilbeau, Interior Designer",4.9,102 Reviews,Click to call,https://www.houzz.com/hsc/aetrk/k=HBkcFQYVGhaukMGBDBgJNDIwMzA2ODk3KCQ0OTUzYzFiYi1lN2Q5LTQ3MjAtYjc5Yy05ZTNjMTQyMzBlMDASGA4xMTQuMTI1LjM3LjEzMxgNL0lELzI2Ly9NZWRhbhkIFQBoAzEwMVgHMTc4NzU2MhUEFQQVAjh-aHR0cHM6Ly93d3cuaG91enouY29tL3Byb2Zlc3Npb25hbHMvaW50ZXJpb3ItZGVzaWduZXJzLWFuZC1kZWNvcmF0b3JzL21hcmNlbGxlLWd1aWxiZWF1LWludGVyaW9yLWRlc2lnbmVyLXBmdnd1cy1wZn4xNzk1MjEyNzU4CGAJMTI3LjAuMC4xGCQwZWZiMDMwMi0wZDIyLTRjODYtYTEzZi1hM2VmOTg0ZjU3YzgAAAA
lisa furey interiors,5.0,69 Reviews,Click to call,https://www.houzz.com/hsc/aetrk/k=HBkcFQYVGhaukMGBDBgJNzI1MzEwMDkwKCQ0OTUzYzFiYi1lN2Q5LTQ3MjAtYjc5Yy05ZTNjMTQyMzBlMDASGA4xMTQuMTI1LjM3LjEzMxgNL0lELzI2Ly9NZWRhbhkIFQBoAzEwMVgGNDI0MjU4FQQVBBUCOG5odHRwczovL3d3dy5ob3V6ei5jb20vcHJvZmVzc2lvbmFscy9pbnRlcmlvci1kZXNpZ25lcnMtYW5kLWRlY29yYXRvcnMvbGlzYS1mdXJleS1pbnRlcmlvcnMtcGZ2d3VzLXBmfjk3MzE0OTczOAhgCTEyNy4wLjAuMRgkMGVmYjAzMDItMGQyMi00Yzg2LWExM2YtYTNlZjk4NGY1N2M4AAAA
Clean Design,5.0,75 Reviews,Click to call,https://www.houzz.com/hsc/aetrk/k=HBkcFQYVGhaukMGBDBgKMTc4MTQ5NDE1MSgkNDk1M2MxYmItZTdkOS00NzIwLWI3OWMtOWUzYzE0MjMwZTAwEhgOMTE0LjEyNS4zNy4xMzMYDS9JRC8yNi8vTWVkYW4ZCBUAaAMxMDFYBzE4MTY5NzcVBBUEFQI4Zmh0dHBzOi8vd3d3LmhvdXp6LmNvbS9wcm9mZXNzaW9uYWxzL2ludGVyaW9yLWRlc2lnbmVycy1hbmQtZGVjb3JhdG9ycy9jbGVhbi1kZXNpZ24tcGZ2d3VzLXBmfjQ2OTgxMzc5NwhgCTEyNy4wLjAuMRgkMGVmYjAzMDItMGQyMi00Yzg2LWExM2YtYTNlZjk4NGY1N2M4AAAA
Lori Rourk Interiors Inc.,5.0,73 Reviews,Click to call,https://www.houzz.com/hsc/aetrk/k=HBkcFQYVGhaukMGBDBgJNTUyNjcxNzA4KCQ0OTUzYzFiYi1lN2Q5LTQ3MjAtYjc5Yy05ZTNjMTQyMzBlMDASGA4xMTQuMTI1LjM3LjEzMxgNL0lELzI2Ly9NZWRhbhkIFQBoAzEwMVgHMTUzOTk3ORUEFQQVAjhyaHR0cHM6Ly93d3cuaG91enouY29tL3Byb2Zlc3Npb25hbHMvaW50ZXJpb3ItZGVzaWduZXJzLWFuZC1kZWNvcmF0b3JzL2xvcmktcm91cmstaW50ZXJpb3JzLWluYy1wZnZ3dXMtcGZ-Njg3ODY3NDYzCGAJMTI3LjAuMC4xGCQwZWZiMDMwMi0wZDIyLTRjODYtYTEzZi1hM2VmOTg0ZjU3YzgAAAA
